סמל מוסד,שם מוסד,רשות חינוך,מחוז תקשוב,מגזר,מפקח,פיקוח,פוטנציאל תלמידים,תלמידים רשומים לקורס,אחוז תלמידים רשומים לקורס,תלמידים שנכנסו לקורס,אחוז תלמידים שנכנסו לקורס,תלמידים שביצעו משימה אחת לפחות,אחוז תלמידים שביצעו משימה אחת לפחות
Totals,,,,,,,"17,105","10,361",61%,"8,420",49%,"8,022",47%
347757,סאדברי ירושלים,ירושלים,העיר ירושלים,יהודי,אסנת עוזיאל,ממלכתי,12,1,8%,1,8%,1,8%
168419,אולפנת צביה יצירתית,ירושלים,העיר ירושלים,יהודי,אריה משה מארק,ממלכתי דתי,71,64,90%,48,68%,34,48%
141499,אור תורה סטון לבנים,ירושלים,העיר ירושלים,יהודי,אריה משה מארק,ממלכתי דתי,46,38,83%,30,65%,28,61%
140145,ישיבת חורב,ירושלים,העיר ירושלים,יהודי,אריה משה מארק,ממלכתי דתי,96,53,55%,10,10%,1,1%
144691,ישיבת נעם,ירושלים,העיר ירושלים,יהודי,אריה משה מארק,ממלכתי דתי,80,5,6%,1,1%,1,1%
140137,ישיבת נתיב מאיר,ירושלים,העיר ירושלים,יהודי,אריה משה מארק,ממלכתי דתי,55,24,44%,7,13%,3,5%
140038,עירוני דתי רוטשילד,ירושלים,העיר ירושלים,יהודי,אריה משה מארק,ממלכתי דתי,48,29,60%,36,75%,35,73%
140129,קרית נוער ירושלים,ירושלים,העיר ירושלים,יהודי,אריה משה מארק,ממלכתי דתי,83,1,1%,0,0%,0,0%
141168,תורני לבנות ב.שולמית,ירושלים,העיר ירושלים,יהודי,אריה משה מארק,ממלכתי דתי,36,20,56%,19,53%,17,47%
140236,תורני נסויי בנות פלך,ירושלים,העיר ירושלים,יהודי,אריה משה מארק,ממלכתי דתי,102,67,66%,46,45%,42,41%
140186,"תורני ע""ש פ. הימלפרב",ירושלים,העיר ירושלים,יהודי,אריה משה מארק,ממלכתי דתי,131,131,100%,100,76%,93,71%
170043,תיכון שחרית,ירושלים,העיר ירושלים,יהודי,אריה משה מארק,ממלכתי דתי,50,50,100%,47,94%,47,94%
140053,אקדמיה למוסיקה,ירושלים,העיר ירושלים,יהודי,דוד נמרוד-סימרוט,ממלכתי,43,41,95%,39,91%,38,88%
140079,הגמנסיה העברית,ירושלים,העיר ירושלים,יהודי,דוד נמרוד-סימרוט,ממלכתי,142,60,42%,41,29%,39,27%
144097,המרכז הישראלי למצוינות בחינוך,ירושלים,העיר ירושלים,יהודי,דוד נמרוד-סימרוט,ממלכתי,56,56,100%,56,100%,56,100%
771089,התיכון הניסויי,ירושלים,העיר ירושלים,יהודי,דוד נמרוד-סימרוט,ממלכתי,58,5,9%,4,7%,3,5%
141010,חטב מכללת אורט גבעת רם ירושלים,ירושלים,העיר ירושלים,יהודי,דוד נמרוד-סימרוט,ממלכתי,67,59,88%,55,82%,55,82%
170399,חטיב אורט מינקןף,ירושלים,העיר ירושלים,יהודי,דוד נמרוד-סימרוט,ממלכתי,182,91,50%,14,8%,12,7%
140731,מקיף גילה,ירושלים,העיר ירושלים,יהודי,דוד נמרוד-סימרוט,ממלכתי,57,46,81%,41,72%,41,72%
140723,"מקיף ע""ש זיו",ירושלים,העיר ירושלים,יהודי,דוד נמרוד-סימרוט,ממלכתי,174,146,84%,140,80%,132,76%
160242,מקיף קשת,ירושלים,העיר ירושלים,יהודי,דוד נמרוד-סימרוט,ממלכתי,67,63,94%,52,78%,51,76%
645424,ניסוי ארגנטינה,ירושלים,העיר ירושלים,יהודי,דוד נמרוד-סימרוט,ממלכתי,45,32,71%,20,44%,3,7%
140046,עירוני ג',ירושלים,העיר ירושלים,יהודי,דוד נמרוד-סימרוט,ממלכתי,44,25,57%,20,45%,19,43%
140962,עירוני מסורתי,ירושלים,העיר ירושלים,יהודי,דוד נמרוד-סימרוט,ממלכתי,50,49,98%,47,94%,47,94%
141309,עירוני פסגת זאב,ירושלים,העיר ירושלים,יהודי,דוד נמרוד-סימרוט,ממלכתי,77,74,96%,70,91%,70,91%
641522,על יסודי אדם,ירושלים,העיר ירושלים,יהודי,דוד נמרוד-סימרוט,ממלכתי,54,45,83%,42,78%,38,70%
144592,קדמה ירושלים,ירושלים,העיר ירושלים,יהודי,דוד נמרוד-סימרוט,ממלכתי,18,17,94%,13,72%,13,72%
170092,"קשת ראם ע""ש אליס סליגסברג",ירושלים,העיר ירושלים,יהודי,דוד נמרוד-סימרוט,ממלכתי,82,54,66%,26,32%,16,20%
140087,רנה קסין דרכא,ירושלים,העיר ירושלים,יהודי,דוד נמרוד-סימרוט,ממלכתי,88,26,30%,1,1%,1,1%
160416,רעות קהילה דתית,ירושלים,העיר ירושלים,יהודי,דוד נמרוד-סימרוט,ממלכתי,108,101,94%,92,85%,89,82%
144626,תבל גבעה צרפתית,ירושלים,העיר ירושלים,יהודי,דוד נמרוד-סימרוט,ממלכתי,32,32,100%,24,75%,23,72%
641662,תבל תיכון רמות,ירושלים,העיר ירושלים,יהודי,דוד נמרוד-סימרוט,ממלכתי,43,42,98%,39,91%,37,86%
140871,תיכון גבעת גונן,ירושלים,העיר ירושלים,יהודי,דוד נמרוד-סימרוט,ממלכתי,57,46,81%,36,63%,34,60%
641563,תיכון דרך,ירושלים,העיר ירושלים,יהודי,דוד נמרוד-סימרוט,ממלכתי,61,54,89%,54,89%,53,87%
346494,תיכון יד ביד,ירושלים,העיר ירושלים,יהודי,דוד נמרוד-סימרוט,ממלכתי,52,45,87%,44,85%,44,85%
140806,תיכון לאומנויות,ירושלים,העיר ירושלים,יהודי,דוד נמרוד-סימרוט,ממלכתי,92,59,64%,56,61%,55,60%
140103,"תיכון ע""ש בויאר",ירושלים,העיר ירושלים,יהודי,דוד נמרוד-סימרוט,ממלכתי,100,100,100%,88,88%,88,88%
140061,תכון ליד האוניברסיטה,ירושלים,העיר ירושלים,יהודי,דוד נמרוד-סימרוט,ממלכתי,176,173,98%,149,85%,140,80%
112953,"אהבת ישראל (חרד""ל)",ירושלים,העיר ירושלים,יהודי,יואל דוב ורצברגר,ממלכתי דתי,45,2,4%,0,0%,0,0%
113217,הר נוף ממד בנות,ירושלים,העיר ירושלים,יהודי,יואל דוב ורצברגר,ממלכתי דתי,60,55,92%,48,80%,47,78%
111393,נועם בנות ק.משה,ירושלים,העיר ירושלים,יהודי,יואל דוב ורצברגר,ממלכתי דתי,80,80,100%,79,99%,79,99%
246041,אהבת ישראל,ירושלים,העיר ירושלים,יהודי,שירה יזדי,ממלכתי דתי,27,23,85%,23,85%,23,85%
430074,מקור התקווה,ירושלים,העיר ירושלים,יהודי,שמחה שגית קליימן,ממלכתי,9,0,0%,0,0%,0,0%
140012,אולפנא תורנית חורב,ירושלים,העיר ירושלים,יהודי,שרה טוויל,ממלכתי דתי,133,122,92%,116,87%,114,86%
770727,"אולפנת בנ""ע טל רמות",ירושלים,העיר ירושלים,יהודי,שרה טוויל,ממלכתי דתי,59,59,100%,55,93%,50,85%
140491,אולפנת צביה ירושלים,ירושלים,העיר ירושלים,יהודי,שרה טוויל,ממלכתי דתי,32,32,100%,29,91%,28,88%
141549,אור תורה סטון לבנות,ירושלים,העיר ירושלים,יהודי,שרה טוויל,ממלכתי דתי,131,131,100%,108,82%,98,75%
170514,אורט פלך בנים ספניאן,ירושלים,העיר ירושלים,יהודי,שרה טוויל,ממלכתי דתי,90,75,83%,33,37%,30,33%
160598,ארץ הצבי,ירושלים,העיר ירושלים,יהודי,שרה טוויל,ממלכתי דתי,32,22,69%,4,13%,4,13%
442855,הרטמן בנות,ירושלים,העיר ירושלים,יהודי,שרה טוויל,ממלכתי דתי,89,89,100%,61,69%,57,64%
141754,ישיבה תיכ' תורה ומדע,ירושלים,העיר ירושלים,יהודי,שרה טוויל,ממלכתי דתי,33,33,100%,33,100%,33,100%
144758,"ישיבת בנ""ע פסגת זאב",ירושלים,העיר ירושלים,יהודי,שרה טוויל,ממלכתי דתי,45,34,76%,19,42%,19,42%
615948,ישיבת מקור חיים,ירושלים,העיר ירושלים,יהודי,שרה טוויל,ממלכתי דתי,100,4,4%,2,2%,1,1%
160259,ליבי,ירושלים,העיר ירושלים,יהודי,שרה טוויל,ממלכתי דתי,57,42,74%,36,63%,32,56%
141390,מדרשיית עלמא אמונה,ירושלים,העיר ירושלים,יהודי,שרה טוויל,ממלכתי דתי,91,89,98%,55,60%,39,43%
140277,מדרשיית עמליה,ירושלים,העיר ירושלים,יהודי,שרה טוויל,ממלכתי דתי,41,25,61%,18,44%,14,34%
682351,מסע,ירושלים,העיר ירושלים,יהודי,שרה טוויל,ממלכתי דתי,57,57,100%,39,68%,30,53%
144220,תורני נסויי הרטמן,ירושלים,העיר ירושלים,יהודי,שרה טוויל,ממלכתי דתי,67,63,94%,58,87%,54,81%
796581,טומשין ירושלים יסודי בנות,ירושלים,העיר ירושלים,ערבי, ,ממלכתי,21,0,0%,0,0%,0,0%
796516,טומשין ירושלים יסודי בנים,ירושלים,העיר ירושלים,ערבי, ,ממלכתי,26,0,0%,0,0%,0,0%
616508,אלסופרא,ירושלים,העיר ירושלים,ערבי,ח'לדון האדיה,ממלכתי,86,29,34%,20,23%,17,20%
616961,ארתיקאא לשפות,ירושלים,העיר ירושלים,ערבי,ח'לדון האדיה,ממלכתי,36,0,0%,0,0%,0,0%
674564,ב''ס עהדונא,ירושלים,העיר ירושלים,ערבי,ח'לדון האדיה,ממלכתי,58,0,0%,0,0%,0,0%
747345,"בי""ס אלמוסתקבל",ירושלים,העיר ירושלים,ערבי,ח'לדון האדיה,ממלכתי,32,0,0%,0,0%,0,0%
511808,"בי""ס יסודי מדל איסט",ירושלים,העיר ירושלים,ערבי,ח'לדון האדיה,ממלכתי,30,0,0%,0,0%,0,0%
747360,בית ספר יסודי אלסלאם,ירושלים,העיר ירושלים,ערבי,ח'לדון האדיה,ממלכתי,58,0,0%,0,0%,0,0%
746529,בית ספר יסודי אלפארו,ירושלים,העיר ירושלים,ערבי,ח'לדון האדיה,ממלכתי,45,0,0%,0,0%,0,0%
430355,בית ספר יסודי אלפגר אלגדיד,ירושלים,העיר ירושלים,ערבי,ח'לדון האדיה,ממלכתי,55,0,0%,0,0%,0,0%
440685,בית שכונת זגיר,ירושלים,העיר ירושלים,ערבי,ח'לדון האדיה,ממלכתי,69,0,0%,0,0%,0,0%
430363,גיל אלמוסתקבל,ירושלים,העיר ירושלים,ערבי,ח'לדון האדיה,ממלכתי,35,0,0%,0,0%,0,0%
148288,כפר עקב,ירושלים,העיר ירושלים,ערבי,ח'לדון האדיה,ממלכתי,119,13,11%,4,3%,2,2%
179754,כפר עקב חדש,ירושלים,העיר ירושלים,ערבי,ח'לדון האדיה,ממלכתי,85,84,99%,82,96%,81,95%
118331,מולויה לבנות,ירושלים,העיר ירושלים,ערבי,ח'לדון האדיה,ממלכתי,47,43,91%,35,74%,34,72%
118307,עמריה,ירושלים,העיר ירושלים,ערבי,ח'לדון האדיה,ממלכתי,47,30,64%,29,62%,28,60%
148254,שועפט בנות ב',ירושלים,העיר ירושלים,ערבי,ח'לדון האדיה,ממלכתי,114,31,27%,25,22%,23,20%
118281,שעפט לבנות א,ירושלים,העיר ירושלים,ערבי,ח'לדון האדיה,ממלכתי,104,10,10%,0,0%,0,0%
338483,אבו חאמד אלגזאלי,ירושלים,העיר ירושלים,ערבי,מחמד אזברגה,ממלכתי,31,0,0%,0,0%,0,0%
118042,אום טובא,ירושלים,העיר ירושלים,ערבי,מחמד אזברגה,ממלכתי,99,48,48%,41,41%,41,41%
511550,אום טובה לבנות,ירושלים,העיר ירושלים,ערבי,מחמד אזברגה,ממלכתי,97,0,0%,0,0%,0,0%
118067,אחמד סאמח אלחלדי,ירושלים,העיר ירושלים,ערבי,מחמד אזברגה,ממלכתי,60,2,3%,0,0%,0,0%
118299,אלתורי לבנות,ירושלים,העיר ירושלים,ערבי,מחמד אזברגה,ממלכתי,101,59,58%,55,54%,47,47%
267955,"ביה""ס אמליסון",ירושלים,העיר ירושלים,ערבי,מחמד אזברגה,ממלכתי,22,0,0%,0,0%,0,0%
478909,בית ספר יסודי נור אל,ירושלים,העיר ירושלים,ערבי,מחמד אזברגה,ממלכתי,20,0,0%,0,0%,0,0%
430439,בית ספר רואא,ירושלים,העיר ירושלים,ערבי,מחמד אזברגה,ממלכתי,42,0,0%,0,0%,0,0%
743369,טרה סנטה בית חנינא,ירושלים,העיר ירושלים,ערבי,מחמד אזברגה,ממלכתי,16,14,88%,11,69%,7,44%
238501,יסודי אלאימאן בנות,ירושלים,העיר ירושלים,ערבי,מחמד אזברגה,ממלכתי,58,0,0%,0,0%,0,0%
758227,יסודי אלאימאן בנים,ירושלים,העיר ירושלים,ערבי,מחמד אזברגה,ממלכתי,81,0,0%,0,0%,0,0%
238493,יסודי אלאימאן לבנים,ירושלים,העיר ירושלים,ערבי,מחמד אזברגה,ממלכתי,20,0,0%,0,0%,0,0%
118208,סלואן מכין לבנות,ירושלים,העיר ירושלים,ערבי,מחמד אזברגה,ממלכתי,72,15,21%,10,14%,8,11%
168021,צור באהר בנות,ירושלים,העיר ירושלים,ערבי,מחמד אזברגה,ממלכתי,40,0,0%,0,0%,0,0%
118240,צור באהר מכין,ירושלים,העיר ירושלים,ערבי,מחמד אזברגה,ממלכתי,96,95,99%,94,98%,94,98%
338533,שדא אלוורד,ירושלים,העיר ירושלים,ערבי,מחמד אזברגה,ממלכתי,16,0,0%,0,0%,0,0%
641464,אבדאע לאומניות.,ירושלים,העיר ירושלים,ערבי,נגוהה פרחאת,ממלכתי,68,68,100%,19,28%,8,12%
117002,אל-מוטראן,ירושלים,העיר ירושלים,ערבי,נגוהה פרחאת,ממלכתי,60,0,0%,0,0%,0,0%
678433,"ב""ס אלחסאד",ירושלים,העיר ירושלים,ערבי,נגוהה פרחאת,ממלכתי,104,0,0%,0,0%,0,0%
746735,"בי""ס אלמטאר",ירושלים,העיר ירושלים,ערבי,נגוהה פרחאת,ממלכתי,92,0,0%,0,0%,0,0%
368084,"בי""ס ע""י אלאספניול",ירושלים,העיר ירושלים,ערבי,נגוהה פרחאת,ממלכתי,19,1,5%,1,5%,1,5%
117010,"ביה""ס אל-פריר",ירושלים,העיר ירושלים,ערבי,נגוהה פרחאת,ממלכתי,34,0,0%,0,0%,0,0%
187575,ביס שמידט קולג' בנות,ירושלים,העיר ירושלים,ערבי,נגוהה פרחאת,ממלכתי,36,0,0%,0,0%,0,0%
757583,בית ספר סמירא מיס,ירושלים,העיר ירושלים,ערבי,נגוהה פרחאת,ממלכתי,74,0,0%,0,0%,0,0%
747402,דאוחת אלאבדאע,ירושלים,העיר ירושלים,ערבי,נגוהה פרחאת,ממלכתי,206,0,0%,0,0%,0,0%
148189,טרה סנטה גבשה בנים,ירושלים,העיר ירושלים,ערבי,נגוהה פרחאת,ממלכתי,42,0,0%,0,0%,0,0%
178194,על יסודי אלחית כפר עקב,ירושלים,העיר ירושלים,ערבי,נגוהה פרחאת,ממלכתי,83,81,98%,0,0%,0,0%
343970,על יסודי מאר מטרי,ירושלים,העיר ירושלים,ערבי,נגוהה פרחאת,ממלכתי,14,0,0%,0,0%,0,0%
676619,רוואד הטכנולוגי,ירושלים,העיר ירושלים,ערבי,נגוהה פרחאת,ממלכתי,115,0,0%,0,0%,0,0%
148056,תיכון בית צפאפא,ירושלים,העיר ירושלים,ערבי,נגוהה פרחאת,ממלכתי,190,120,63%,62,33%,59,31%
247411,תיכון סנט טרקמנצ'ץ,ירושלים,העיר ירושלים,ערבי,נגוהה פרחאת,ממלכתי,8,0,0%,0,0%,0,0%
118364,איברהמיה,ירושלים,העיר ירושלים,ערבי,נור ח'טיב,ממלכתי,106,0,0%,0,0%,0,0%
634857,אלפא,ירושלים,העיר ירושלים,ערבי,נור ח'טיב,ממלכתי,47,0,0%,0,0%,0,0%
617019,אשבאל אלקודס,ירושלים,העיר ירושלים,ערבי,נור ח'טיב,ממלכתי,49,43,88%,43,88%,43,88%
746313,בית ספר עהדונא,ירושלים,העיר ירושלים,ערבי,נור ח'טיב,ממלכתי,22,0,0%,0,0%,0,0%
118133,טור מכין לבנות,ירושלים,העיר ירושלים,ערבי,נור ח'טיב,ממלכתי,90,85,94%,73,81%,67,74%
118125,טור מכין לבנים,ירושלים,העיר ירושלים,ערבי,נור ח'טיב,ממלכתי,43,1,2%,0,0%,0,0%
338343,יסודי דאר אלאולאד,ירושלים,העיר ירושלים,ערבי,נור ח'טיב,ממלכתי,22,0,0%,0,0%,0,0%
160473,אלוואדי למצוינות,ירושלים,העיר ירושלים,ערבי,ענאן קאסם,ממלכתי,83,54,65%,45,54%,43,52%
267930,אלמוסתקבל אלאהלייה,ירושלים,העיר ירושלים,ערבי,ענאן קאסם,ממלכתי,29,1,3%,0,0%,0,0%
641407,אלמתנבי,ירושלים,העיר ירושלים,ערבי,ענאן קאסם,ממלכתי,109,25,23%,24,22%,24,22%
148262,אלעלא,ירושלים,העיר ירושלים,ערבי,ענאן קאסם,ממלכתי,52,1,2%,0,0%,0,0%
522441,אלפקיה,ירושלים,העיר ירושלים,ערבי,ענאן קאסם,ממלכתי,66,0,0%,0,0%,0,0%
650028,אלקימה,ירושלים,העיר ירושלים,ערבי,ענאן קאסם,ממלכתי,40,1,3%,0,0%,0,0%
440693,אלראזי,ירושלים,העיר ירושלים,ערבי,ענאן קאסם,ממלכתי,68,0,0%,0,0%,0,0%
178137,אמירה בסמא,ירושלים,העיר ירושלים,ערבי,ענאן קאסם,ממלכתי,39,2,5%,1,3%,0,0%
499897,"בי""ס אשרקאת אלג'ד",ירושלים,העיר ירושלים,ערבי,ענאן קאסם,ממלכתי,36,0,0%,0,0%,0,0%
645986,בית הספר האמריקאי יר,ירושלים,העיר ירושלים,ערבי,ענאן קאסם,ממלכתי,14,0,0%,0,0%,0,0%
725309,בית ספר אלעמליה אלנמ,ירושלים,העיר ירושלים,ערבי,ענאן קאסם,ממלכתי,78,0,0%,0,0%,0,0%
729145,בית ספר דאר אלהודה אלנמודג'יה,ירושלים,העיר ירושלים,ערבי,ענאן קאסם,ממלכתי,64,0,0%,0,0%,0,0%
338434,ברידג' אינטרנשיונל,ירושלים,העיר ירושלים,ערבי,ענאן קאסם,ממלכתי,16,0,0%,0,0%,0,0%
239905,ג'רוזלם סקול יסודי,ירושלים,העיר ירושלים,ערבי,ענאן קאסם,ממלכתי,64,0,0%,0,0%,0,0%
412676,דאר אל חכמה,ירושלים,העיר ירושלים,ערבי,ענאן קאסם,ממלכתי,55,0,0%,0,0%,0,0%
754721,דאר אל חכמה,ירושלים,העיר ירושלים,ערבי,ענאן קאסם,ממלכתי,62,0,0%,0,0%,0,0%
718924,זו אלנוריין,ירושלים,העיר ירושלים,ערבי,ענאן קאסם,ממלכתי,28,0,0%,0,0%,0,0%
192997,"חט""ב עיסוויה בנים",ירושלים,העיר ירושלים,ערבי,ענאן קאסם,ממלכתי,153,121,79%,83,54%,72,47%
634840,חיואר,ירושלים,העיר ירושלים,ערבי,ענאן קאסם,ממלכתי,49,16,33%,13,27%,11,22%
512343,יסודי אלמסתקבל שועפט,ירושלים,העיר ירושלים,ערבי,ענאן קאסם,ממלכתי,31,0,0%,0,0%,0,0%
353458,יסודי שועפט,ירושלים,העיר ירושלים,ערבי,ענאן קאסם,ממלכתי,45,2,4%,1,2%,1,2%
160739,מנזר רוזרי,ירושלים,העיר ירושלים,ערבי,ענאן קאסם,ממלכתי,120,0,0%,0,0%,0,0%
148197,מקיף בית חנינה,ירושלים,העיר ירושלים,ערבי,ענאן קאסם,ממלכתי,130,3,2%,0,0%,0,0%
477901,מקיף בית חנינה לבנות,ירושלים,העיר ירושלים,ערבי,ענאן קאסם,ממלכתי,163,65,40%,33,20%,31,19%
193003,מקיף עיסוואיה לבנות,ירושלים,העיר ירושלים,ערבי,ענאן קאסם,ממלכתי,148,107,72%,55,37%,55,37%
148247,מקיף שש שנתי אלטור לבנים,ירושלים,העיר ירושלים,ערבי,ענאן קאסם,ממלכתי,146,104,71%,43,29%,40,27%
239871,סמהר לבנות,ירושלים,העיר ירושלים,ערבי,ענאן קאסם,ממלכתי,106,17,16%,14,13%,14,13%
184010,פריר בית חנינא,ירושלים,העיר ירושלים,ערבי,ענאן קאסם,ממלכתי,107,1,1%,0,0%,0,0%
641415,רוואד אלקודס,ירושלים,העיר ירושלים,ערבי,ענאן קאסם,ממלכתי,113,113,100%,105,93%,103,91%
362046,רנסנס,ירושלים,העיר ירושלים,ערבי,ענאן קאסם,ממלכתי,49,0,0%,0,0%,0,0%
440412,תיכון מקיף אלראזי,ירושלים,העיר ירושלים,ערבי,ענאן קאסם,ממלכתי,93,5,5%,1,1%,0,0%
148155,תיכון שועפט,ירושלים,העיר ירושלים,ערבי,ענאן קאסם,ממלכתי,192,190,99%,189,98%,188,98%
118158,איבן אל-היית'ם,ירושלים,העיר ירושלים,ערבי,רנה ח'לף,ממלכתי,157,80,51%,0,0%,0,0%
668962,אלביאן מקיף,ירושלים,העיר ירושלים,ערבי,רנה ח'לף,ממלכתי,51,51,100%,26,51%,23,45%
198085,"חט""ב ראס אל-עמוד",ירושלים,העיר ירושלים,ערבי,רנה ח'לף,ממלכתי,135,1,1%,0,0%,0,0%
715623,מקיף אלסלעה,ירושלים,העיר ירושלים,ערבי,רנה ח'לף,ממלכתי,88,21,24%,17,19%,16,18%
178178,סאחורה מכין בנות,ירושלים,העיר ירושלים,ערבי,רנה ח'לף,ממלכתי,185,161,87%,144,78%,143,77%
440784,"ראס אלעמוד ע""ס לבנות",ירושלים,העיר ירושלים,ערבי,רנה ח'לף,ממלכתי,111,24,22%,21,19%,21,19%
198192,תיכון צור באהר,ירושלים,העיר ירושלים,ערבי,רנה ח'לף,ממלכתי,130,100,77%,37,28%,28,22%
148080,מקיף אבו גוש,אבו גוש,ירושלים,ערבי,ציפי יעקב,ממלכתי,78,78,100%,69,88%,68,87%
114249,אורות עציון בנות,אפרת,ירושלים,יהודי,יעקב מאיר קושלבסקי,ממלכתי דתי,63,61,97%,60,95%,60,95%
114173,אורות עציון בנים,אפרת,ירושלים,יהודי,יעקב מאיר קושלבסקי,ממלכתי דתי,96,3,3%,1,1%,1,1%
114058,אריאל,אפרת,ירושלים,יהודי,יעקב מאיר קושלבסקי,ממלכתי דתי,29,27,93%,27,93%,27,93%
112250,עשה חייל,אפרת,ירושלים,יהודי,יעקב מאיר קושלבסקי,ממלכתי דתי,61,44,72%,46,75%,46,75%
113324,בית-אל בנים,בית אל,ירושלים,יהודי,יוסף יעקב שינובר,ממלכתי דתי,73,22,30%,17,23%,10,14%
650523,אולפנת בית אל,בית אל,ירושלים,יהודי,יעקב עמר,ממלכתי דתי,82,81,99%,69,84%,66,80%
338509,"חט""ב לבונה",בית אריה,ירושלים,יהודי,ציפי יעקב,ממלכתי,76,72,95%,71,93%,69,91%
615971,"חב""ד בנות",בית שמש,ירושלים,יהודי,מרים ויצמן,ממלכתי דתי,32,19,59%,27,84%,27,84%
160432,ברנקו וייס מקיף בית שמש,בית שמש,ירושלים,יהודי,ציפי יעקב,ממלכתי,159,147,92%,130,82%,127,80%
353599,אהבת ישראל,בית שמש,ירושלים,יהודי,תמר אודס,ממלכתי דתי,51,42,82%,34,67%,32,63%
460667,אולפנת אהבת ישראל,בית שמש,ירושלים,יהודי,תמר אודס,ממלכתי דתי,65,65,100%,64,98%,64,98%
193185,אולפנת שעלי תורה,בית שמש,ירושלים,יהודי,תמר אודס,ממלכתי דתי,87,64,74%,48,55%,47,54%
144600,ישיבה שעלי תורה,בית שמש,ירושלים,יהודי,תמר אודס,ממלכתי דתי,92,80,87%,70,76%,68,74%
338418,עתיד דביר בנים,בית שמש,ירושלים,יהודי,תמר אודס,ממלכתי דתי,79,79,100%,61,77%,60,76%
140202,עתיד שחר בית שמש,בית שמש,ירושלים,יהודי,תמר אודס,ממלכתי דתי,58,57,98%,45,78%,45,78%
141002,"חט""ב יצחק רבין",גבעת זאב,ירושלים,יהודי,ציפי יעקב,ממלכתי,27,27,100%,25,93%,24,89%
615955,"אח""י תקוע 2",גוש עציון,ירושלים,יהודי,יעקב מאיר קושלבסקי,ממלכתי דתי,113,70,62%,64,57%,63,56%
417832,חן נריה,גוש עציון,ירושלים,יהודי,יעקב מאיר קושלבסקי,ממלכתי דתי,62,62,100%,60,97%,60,97%
111328,כרמי יהודה,גוש עציון,ירושלים,יהודי,יעקב מאיר קושלבסקי,ממלכתי דתי,83,69,83%,68,82%,68,82%
511618,נווה הראל,גוש עציון,ירושלים,יהודי,יעקב מאיר קושלבסקי,ממלכתי דתי,46,43,93%,40,87%,40,87%
616151,נווה השחר,גוש עציון,ירושלים,יהודי,יעקב מאיר קושלבסקי,ממלכתי דתי,64,57,89%,58,91%,58,91%
759134,סדנת שילוב יובלים,גוש עציון,ירושלים,יהודי,יעקב מאיר קושלבסקי,ממלכתי דתי,6,0,0%,0,0%,0,0%
512509,קדם,גוש עציון,ירושלים,יהודי,יעקב מאיר קושלבסקי,ממלכתי דתי,42,1,2%,1,2%,1,2%
186395,ראשית,גוש עציון,ירושלים,יהודי,יעקב מאיר קושלבסקי,ממלכתי דתי,51,23,45%,18,35%,15,29%
140855,"חט""ב מבשרת",מבשרת ציון,ירושלים,יהודי,ציפי יעקב,ממלכתי,261,251,96%,208,80%,205,79%
188086,"דמוקרטי ע""ש נדב",מודיעין מכבים רעות,ירושלים,יהודי,טל כהן,ממלכתי,34,0,0%,0,0%,0,0%
344911,אורט עירוני ד,מודיעין מכבים רעות,ירושלים,יהודי,ציפי יעקב,ממלכתי,205,202,99%,199,97%,199,97%
540500,"ע""ש יצחק נבון מודיעין",מודיעין מכבים רעות,ירושלים,יהודי,ציפי יעקב,ממלכתי,181,168,93%,150,83%,150,83%
144675,"ע""ש יצחק רבין עי""ס",מודיעין מכבים רעות,ירושלים,יהודי,ציפי יעקב,ממלכתי,198,182,92%,182,92%,181,91%
144741,"ע""ש רא""ל מרדכי גור",מודיעין מכבים רעות,ירושלים,יהודי,ציפי יעקב,ממלכתי,184,167,91%,165,90%,163,89%
144683,עירוני א',מודיעין מכבים רעות,ירושלים,יהודי,ציפי יעקב,ממלכתי,234,221,94%,218,93%,217,93%
237354,תיכון יחד,מודיעין מכבים רעות,ירושלים,יהודי,ציפי יעקב,ממלכתי,136,136,100%,135,99%,134,99%
144329,תיכון מכבים רעות,מודיעין מכבים רעות,ירושלים,יהודי,ציפי יעקב,ממלכתי,181,172,95%,171,94%,171,94%
144717,"אולפנת בנ""ע אורות מודיעין",מודיעין מכבים רעות,ירושלים,יהודי,תמר אודס,ממלכתי דתי,131,114,87%,76,58%,64,49%
442780,"אמי""ת בנות מודיעין",מודיעין מכבים רעות,ירושלים,יהודי,תמר אודס,ממלכתי דתי,135,120,89%,120,89%,119,88%
450270,"אמי""ת בנים מודיעין",מודיעין מכבים רעות,ירושלים,יהודי,תמר אודס,ממלכתי דתי,117,101,86%,95,81%,94,80%
165852,"ישיבת בנ""ע לפיד מודיעין",מודיעין מכבים רעות,ירושלים,יהודי,תמר אודס,ממלכתי דתי,198,188,95%,170,86%,165,83%
143404,אהל שילה בנים,מטה בנימין,ירושלים,יהודי,יוסף יעקב שינובר,ממלכתי דתי,61,26,43%,26,43%,26,43%
512459,הניסויי כפר אדומים,מטה בנימין,ירושלים,יהודי,יוסף יעקב שינובר,ממלכתי דתי,106,37,35%,29,27%,29,27%
113787,כוכב יעקב בנות,מטה בנימין,ירושלים,יהודי,יוסף יעקב שינובר,ממלכתי דתי,23,13,57%,11,48%,11,48%
112516,מבוא חורון,מטה בנימין,ירושלים,יהודי,יוסף יעקב שינובר,ממלכתי דתי,22,15,68%,13,59%,11,50%
611871,מבוא חורון בנות,מטה בנימין,ירושלים,יהודי,יוסף יעקב שינובר,ממלכתי דתי,40,35,88%,33,83%,31,78%
112151,מצפה יריחו,מטה בנימין,ירושלים,יהודי,יוסף יעקב שינובר,ממלכתי דתי,21,4,19%,4,19%,4,19%
140970,אולפנא עופרה,מטה בנימין,ירושלים,יהודי,יעקב עמר,ממלכתי דתי,136,130,96%,114,84%,107,79%
641480,"אולפנת בנ""ע שילה",מטה בנימין,ירושלים,יהודי,יעקב עמר,ממלכתי דתי,112,96,86%,86,77%,78,70%
641498,"ישיבה תיכונית בנ""ע עלי",מטה בנימין,ירושלים,יהודי,יעקב עמר,ממלכתי דתי,65,65,100%,45,69%,40,62%
140939,"ישיבת בנ""ע מטה בנימין",מטה בנימין,ירושלים,יהודי,יעקב עמר,ממלכתי דתי,83,17,20%,5,6%,3,4%
681288,תיכון לביא,מטה בנימין,ירושלים,יהודי,יעקב עמר,ממלכתי דתי,46,46,100%,39,85%,35,76%
673822,"התיכון הנכו""ן",מטה בנימין,ירושלים,יהודי,ציפי יעקב,ממלכתי,134,113,84%,68,51%,57,43%
186908,אולפנא בני עקיבא נריה,מטה בנימין,ירושלים,יהודי,תמר אודס,ממלכתי דתי,111,104,94%,86,77%,84,76%
144766,"ישיבת בנ""ע נר תמיד חשמונאים",מטה בנימין,ירושלים,יהודי,תמר אודס,ממלכתי דתי,102,83,81%,67,66%,61,60%
722298,בית ספר יחיאל,מטה יהודה,ירושלים,יהודי,ליאת אלהרר כהן,ממלכתי,19,0,0%,0,0%,0,0%
238121,אולפנת נוגה,מטה יהודה,ירושלים,יהודי,תמר אודס,ממלכתי דתי,131,111,85%,101,77%,98,75%
442822,ברנקו וייס עין נקובה,מטה יהודה,ירושלים,ערבי,ציפי יעקב,ממלכתי,84,78,93%,66,79%,62,74%
141176,אולפנת צביה מ. אדומים,מעלה אדומים,ירושלים,יהודי,יעקב עמר,ממלכתי דתי,74,64,86%,49,66%,48,65%
160549,"אמי""ת איתן",מעלה אדומים,ירושלים,יהודי,יעקב עמר,ממלכתי דתי,85,85,100%,51,60%,38,45%
144428,ישיבת צביה מ.אדומים,מעלה אדומים,ירושלים,יהודי,יעקב עמר,ממלכתי דתי,66,59,89%,53,80%,53,80%
338616,"שש שנתי אמי""ת בנות",מעלה אדומים,ירושלים,יהודי,יעקב עמר,ממלכתי דתי,77,67,87%,27,35%,22,29%
140863,עמל דקל וילנאי,מעלה אדומים,ירושלים,יהודי,ציפי יעקב,ממלכתי,178,177,99%,138,78%,126,71%
170803,עמל תעופה וחלל,מעלה אדומים,ירושלים,יהודי,ציפי יעקב,ממלכתי,184,184,100%,139,76%,139,76%
420018,על יסודי צור הדסה,צור הדסה,ירושלים,יהודי,ציפי יעקב,ממלכתי,135,113,84%,89,66%,89,66%
111450,"גוונים מ""מ",קרית ארבע,ירושלים,יהודי,דורית מרגלית רזיאל אלישר,ממלכתי,11,11,100%,11,100%,11,100%
140665,אולפנא לבנות,קרית ארבע,ירושלים,יהודי,יעקב עמר,ממלכתי דתי,77,75,97%,72,94%,71,92%
140889,"חט""ב בנים קרית ארבע",קרית ארבע,ירושלים,יהודי,יעקב עמר,ממלכתי דתי,72,39,54%,56,78%,56,78%
